<?xml version="1.0" encoding="UTF-8"?>
<addon id="plugin.tivi9999.viettv24" version="1.0.1" name="Viet Hai Ngoai 2" provider-name="thaitni">
    <requires>
        <import addon="xbmc.python" version="2.1.0"/>
    </requires>
    <extension point="xbmc.python.pluginsource" library="viettv24.py">
        <provides>video</provides>
    </extension>
    <extension point="xbmc.addon.metadata">
        <summary lang="en">HD video from viettv24.com</summary>
        <license>GPL 2.0</license>
        <platform>all</platform>
		<language>en</language>
		<license>GNU General Public License - v2</license>
		<email>thai@thanhthai.net</email>
    </extension>
</addon>